,names,links,prices,storename
0,"HeimVision 1080P CA01 Wireless Security Camera for HeimVision 8CH WiFi Surveillance System, 2.0MP IP Cameras Outdoor with 65ft Night Vision, IP66 Waterproof, Motion Alert",https://shopping.yahoo.com//product/00631384818419/HeimVision-1080P-CA01-Wireless-Security-Camera-for-HeimVision-8CH-WiFi-Surveillance-System--2-0MP-IP-Cameras-Outdoor-with-65ft-Night-Vision--IP66-Waterproof--Motion-Alert?pid=walmart_transaction_450423485,$46.66$59.99,Walmart
1,"Night Owl's 8 CH 1080p HD Wired Video Security System with 6 Indoor/Outdoor Cameras, Human Detection Technology and a 1TB Pre-Installed Hard Drive",https://shopping.yahoo.com//product/00816522021467/Night-Owl-s-8-CH-1080p-HD-Wired-Video-Security-System-with-6-Indoor-Outdoor-Cameras--Human-Detection-Technology-and-a-1TB-Pre-Installed-Hard-Drive?pid=walmart_transaction_934869108,$299.99$399.99,Walmart
2,WiFi 2MP HD 1080P IP Camera Night Vision IP66 Waterproof Outdoor Wireless with 7 LED Infrared IR Cam Two-way Intercom,https://shopping.yahoo.com//product/walmart_transaction_525749670/WiFi-2MP-HD-1080P-IP-Camera-Night-Vision-IP66-Waterproof-Outdoor-Wireless-with-7-LED-Infrared-IR-Cam-Two-way-Intercom?pid=walmart_transaction_525749670,$10.47,Walmart
3,"HeimVision 1080P Security Camera, WiFi Home Indoor Camera for Pet/Nanny/Baby Monitor, Wireless Surveillance IP Camera with Smart Night Vision, 2 Way Audio",https://shopping.yahoo.com//product/00631384818327/HeimVision-1080P-Security-Camera--WiFi-Home-Indoor-Camera-for-Pet-Nanny-Baby-Monitor--Wireless-Surveillance-IP-Camera-with-Smart-Night-Vision--2-Way-Audio?pid=walmart_transaction_314210502,$6.55$6.70,Walmart
4,Zmodo 720P HD Mini WiFi Smart Security Camera Two-Way Audio Night Vision,https://shopping.yahoo.com//product/00889490001649/Zmodo-720P-HD-Mini-WiFi-Smart-Security-Camera-Two-Way-Audio-Night-Vision?pid=walmart_transaction_47368752,$36.31,Walmart
5,"Indoor Pan/Tilt Smart Security Camera, 1080p HD Dog Camera 2.4GHz with Night Vision, Motion Detection for Baby and Pet Monitor, Cloud & SD Card Storage, Works with Alexa & Google Home (EC70)",https://shopping.yahoo.com//product/00815248014470/Indoor-Pan-Tilt-Smart-Security-Camera--1080p-HD-Dog-Camera-2-4GHz-with-Night-Vision--Motion-Detection-for-Baby-and-Pet-Monitor--Cloud-and-SD-Card-Storage--Works-with-Alexa-and-Google-Home--EC70-?pid=walmart_transaction_16474941,$11.10,Walmart
6,"PYLE-SPORT PPBCM10 - Pyle Vigilante Compact & Portable HD Body Camera, Wireless Person Worn Camera (Audio & Video Recording) Night Vision, Built-in Reable , 16GB Memory, Water Resistant",https://shopping.yahoo.com//product/00068888762045/PYLE-SPORT-PPBCM10---Pyle-Vigilante-Compact-and-Portable-HD-Body-Camera--Wireless-Person-Worn-Camera--Audio-and-Video-Recording--Night-Vision--Built-in-Reable---16GB-Memory--Water-Resistant?pid=walmart_transaction_50615473,$166.46$209.27,Walmart
7,"Arlo Essential Camera - 3 Pack, Wireless Security,1080p Video - VMC2320W",https://shopping.yahoo.com//product/00193108144810/Arlo-Essential-Camera---3-Pack--Wireless-Security-1080p-Video---VMC2320W?pid=walmart_transaction_1477756049,$249.00,Walmart
8,SQ8 Mini Camera Full HD 1080P Micro Camera IR Night Vision DV Camera Motion Sensor DVR Camcorder Mini Cam (with Retail Package),https://shopping.yahoo.com//product/00718926961861/SQ8-Mini-Camera-Full-HD-1080P-Micro-Camera-IR-Night-Vision-DV-Camera-Motion-Sensor-DVR-Camcorder-Mini-Cam--with-Retail-Package-?pid=walmart_transaction_764762221,$25.00$60.00,Walmart
9,"Night Owl Security Camera System CCTV, 8 Channel Bluetooth DVR with 1TB Hard Drive, 4 Wired 4K Ultra HD Spotlight Surveillance Bullet Cameras, Audio Enabled Indoor Outdoor Cameras with Night Vision",https://shopping.yahoo.com//product/00816522024352/Night-Owl-Security-Camera-System-CCTV--8-Channel-Bluetooth-DVR-with-1TB-Hard-Drive--4-Wired-4K-Ultra-HD-Spotlight-Surveillance-Bullet-Cameras--Audio-Enabled-Indoor-Outdoor-Cameras-with-Night-Vision?pid=walmart_transaction_430558815,$271.98$289.47,Walmart
10,Smart Security Camera Installation,https://shopping.yahoo.com//product/00643570147715/Smart-Security-Camera-Installation?pid=walmart_transaction_437445667,$99.00,Walmart
11,"REVO ULTRA 1080p 4x Optical Zoom PTZ Camera with Two-Way Audio, Siren and Strobe Lights",https://shopping.yahoo.com//product/00810062450077/REVO-ULTRA-1080p-4x-Optical-Zoom-PTZ-Camera-with-Two-Way-Audio--Siren-and-Strobe-Lights?pid=walmart_transaction_693654449,$199.99,Walmart
12,"Google Nest Cam Outdoor Security Camera, 2-Pack",https://shopping.yahoo.com//product/00813917020180/Google-Nest-Cam-Outdoor-Security-Camera--2-Pack?pid=walmart_transaction_55109894,$298.00,Walmart
